FN,LN,Address,Town,State,Num,Country
Robbins1,Arnold1,"1234 A Pretty Street, NE",MyTown,MyState,12345-6789,USA
Robbins2,Arnold3,sdf,Town,MyState,12345-6789,IN
Robbins3,Arnold5,lsnflk,ldksjf,MyState,12345-6789,USA
Robbins4,Arnold7,lskdfijkl,MyTown,MyState,12345-6789,USA
Robbins5,Arnold9,"1234 A Pretty Street, NE",MyTown,MyState,12345-6789,USA
Robbins6,Arnold11,"1234 A Pretty Street, NE",MyTown,MyState,12345-6789,USA
Robbins7,Arnold13,"1234 A Pretty Street, NE",MyTown,MyState,12345-6789,USA
Robbins8,Arnold15,"1234 A Pretty Street, NE",MyTown,MyState,12345-6789,USA
Robbins9,Arnold17,"1234 A Pretty Street, NE",MyTown,MyState,12345-6789,USA
Robbins10,Arnold19,"1234 A Pretty Street, NE",MyTown,MyState,12345-6789,USA
Robbins11,Arnold21,"1234 A Pretty Street, NE",MyTown,MyState,12345-6789,USA
Robbins12,Arnold23,"1234 A Pretty Street, NE",MyTown,MyState,12345-6789,USA
Robbins13,Arnold25,"1234 A Pretty Street, NE",MyTown,MyState,12345-6789,USA
